version,n_words,fold,filename,actual_label,actual_label_number,predicted_label,predicted_label_number,correct,spam_log_score,ham_log_score,known_token_count,total_token_count
bare,5000,5,8-1182msg1.txt,ham,0,ham,0,True,-399.81800999566997,-325.80728285019285,46,58
bare,5000,5,8-1182msg2.txt,ham,0,ham,0,True,-586.9472236377514,-489.67300078539137,71,78
bare,5000,5,8-1204msg1.txt,ham,0,ham,0,True,-3181.0043209036426,-2794.956659852916,423,452
bare,5000,5,8-1211msg1.txt,ham,0,ham,0,True,-1922.1578284304192,-1601.1560964310452,234,262
bare,5000,5,8-1214msg1.txt,ham,0,ham,0,True,-1908.0103240383742,-1745.0461471679812,257,314
bare,5000,5,8-1214msg2.txt,ham,0,ham,0,True,-676.9422449491973,-574.2822088529863,83,101
bare,5000,5,8-1215msg1.txt,ham,0,ham,0,True,-2984.944813143407,-2740.0561109664136,420,454
bare,5000,5,8-1231msg1.txt,ham,0,ham,0,True,-2643.2038312152213,-2352.165661783188,366,422
bare,5000,5,8-1239msg1.txt,ham,0,ham,0,True,-1199.9686366466503,-996.3754738367297,152,168
bare,5000,5,8-1242msg1.txt,ham,0,ham,0,True,-1958.0886613992368,-1650.2166834208151,246,376
bare,5000,5,8-1245msg1.txt,ham,0,ham,0,True,-2741.3473203894305,-2364.260998617123,359,414
bare,5000,5,8-809msg1.txt,ham,0,ham,0,True,-10746.147104365597,-9152.49277069574,1378,1559
bare,5000,5,8-811msg1.txt,ham,0,ham,0,True,-1131.4191047908262,-1006.2718628249241,156,162
bare,5000,5,8-811msg2.txt,ham,0,ham,0,True,-3988.088753500903,-3148.0367145584046,460,563
bare,5000,5,8-814msg1.txt,ham,0,ham,0,True,-370.8354262182855,-314.2276470887598,48,60
bare,5000,5,8-815msg1.txt,ham,0,ham,0,True,-1420.1288589889632,-1175.0082563810931,172,201
bare,5000,5,8-833msg1.txt,ham,0,ham,0,True,-1383.7231666204918,-1186.6849412755191,177,193
bare,5000,5,8-835msg1.txt,ham,0,ham,0,True,-1149.897998723349,-1014.743235853483,152,158
bare,5000,5,8-837msg1.txt,ham,0,ham,0,True,-790.0383918225251,-700.8269306563536,101,123
bare,5000,5,8-837msg2.txt,ham,0,ham,0,True,-4608.199171909531,-3734.3239962279085,533,662
bare,5000,5,8-838msg1.txt,ham,0,ham,0,True,-4349.437145868821,-3365.385317808721,454,792
bare,5000,5,8-838msg2.txt,ham,0,ham,0,True,-10441.75889592899,-9563.332581396735,1417,1644
bare,5000,5,8-840msg1.txt,ham,0,ham,0,True,-2259.4004704020936,-1898.30391890365,289,372
bare,5000,5,8-845msg1.txt,ham,0,ham,0,True,-758.993903662416,-612.0970681717766,98,118
bare,5000,5,8-846msg1.txt,ham,0,ham,0,True,-1343.1448824433353,-1183.5352813381187,174,202
bare,5000,5,8-862msg1.txt,ham,0,ham,0,True,-1073.2770358516625,-978.080090496386,144,156
bare,5000,5,8-865msg1.txt,ham,0,ham,0,True,-1905.838705508501,-1653.4505719866752,243,293
bare,5000,5,8-865msg2.txt,ham,0,ham,0,True,-2737.553770793686,-2279.5360151986524,346,408
bare,5000,5,8-865msg3.txt,ham,0,ham,0,True,-4786.523149023662,-4251.891933086664,630,686
bare,5000,5,8-871msg1.txt,ham,0,ham,0,True,-1320.9814826287832,-1143.0874738195573,168,190
bare,5000,5,8-873msg1.txt,ham,0,ham,0,True,-5003.859237872013,-4370.919554235925,630,733
bare,5000,5,8-875msg1.txt,ham,0,ham,0,True,-2340.3470300165854,-2019.734806224325,313,358
bare,5000,5,8-885msg1.txt,ham,0,ham,0,True,-858.9118120614806,-683.3341509503808,107,123
bare,5000,5,8-887msg1.txt,ham,0,ham,0,True,-702.6566117289349,-551.3978562022976,68,143
bare,5000,5,8-887msg2.txt,ham,0,ham,0,True,-1740.8084328526922,-1505.5891330002921,213,262
bare,5000,5,8-893msg1.txt,ham,0,ham,0,True,-3420.8478396382566,-2798.6362028227904,404,470
bare,5000,5,8-894msg1.txt,ham,0,ham,0,True,-1738.7195508799712,-1534.052888761733,225,251
bare,5000,5,8-895msg1.txt,ham,0,ham,0,True,-2082.7322647302117,-1739.025798156372,269,371
bare,5000,5,8-896msg1.txt,ham,0,ham,0,True,-1830.8142062798877,-1475.5225096726813,205,255
bare,5000,5,8-897msg1.txt,ham,0,ham,0,True,-1729.3337101955601,-1374.7900732512544,201,220
bare,5000,5,8-898msg1.txt,ham,0,ham,0,True,-1548.885877927652,-1290.5610737226855,190,199
bare,5000,5,8-899msg1.txt,ham,0,ham,0,True,-2765.05825354764,-2311.23550972147,336,435
bare,5000,5,8-900msg1.txt,ham,0,ham,0,True,-1304.320324155032,-1092.6714822465788,154,163
bare,5000,5,8-901msg1.txt,ham,0,ham,0,True,-2173.5075952136017,-1891.5499753726488,287,305
bare,5000,5,8-905msg1.txt,ham,0,ham,0,True,-743.4490872054886,-598.3395405271718,83,118
bare,5000,5,8-905msg2.txt,ham,0,ham,0,True,-1501.3399651692366,-1171.4015964524172,158,256
bare,5000,5,8-916msg1.txt,ham,0,ham,0,True,-4296.5402048193955,-3604.185621129416,561,612
bare,5000,5,8-949msg1.txt,ham,0,ham,0,True,-3470.6312262500783,-3008.600759367764,468,521
bare,5000,5,8-949msg2.txt,ham,0,ham,0,True,-2865.6902863800983,-2383.5417358311092,311,701
bare,5000,5,8-951msg1.txt,ham,0,ham,0,True,-9197.970403142457,-8233.131949773591,1215,1343
bare,5000,5,8-963msg1.txt,ham,0,ham,0,True,-1232.4292436159037,-1107.102376718714,153,182
bare,5000,5,8-963msg2.txt,ham,0,ham,0,True,-6558.903155220299,-5848.643794742031,838,1092
bare,5000,5,8-965msg1.txt,ham,0,ham,0,True,-8499.878952302173,-7868.384424918599,1187,1398
bare,5000,5,8-965msg2.txt,ham,0,ham,0,True,-4331.4646732921165,-3698.4330830299173,521,611
bare,5000,5,8-972msg1.txt,ham,0,ham,0,True,-3634.076296736601,-3141.979958981006,486,544
bare,5000,5,8-972msg2.txt,ham,0,ham,0,True,-2774.923573279029,-2411.219469283318,363,436
bare,5000,5,8-984msg1.txt,ham,0,ham,0,True,-1632.7468512337323,-1372.3430209862304,213,238
bare,5000,5,8-987msg1.txt,ham,0,ham,0,True,-7152.995742546067,-6522.252728412107,969,1207
bare,5000,5,8-987msg2.txt,ham,0,ham,0,True,-500.7447793604008,-425.04441980572057,68,88
bare,5000,5,9-1001msg1.txt,ham,0,ham,0,True,-1081.305278396099,-863.9119966864113,132,137
bare,5000,5,9-1002msg1.txt,ham,0,ham,0,True,-1037.4861269310188,-880.8285495169509,129,136
bare,5000,5,9-1003msg1.txt,ham,0,ham,0,True,-1937.692457218668,-1709.2379917971111,260,284
bare,5000,5,9-1004msg1.txt,ham,0,ham,0,True,-2512.44677436211,-2013.7311843480147,300,363
bare,5000,5,9-1008msg1.txt,ham,0,ham,0,True,-1825.230656881779,-1554.989506729336,227,262
bare,5000,5,9-1009msg1.txt,ham,0,ham,0,True,-4166.704243144895,-3394.069899725432,522,590
bare,5000,5,9-1011msg1.txt,ham,0,ham,0,True,-2504.2949474117454,-2110.429855452385,305,343
bare,5000,5,9-1012msg1.txt,ham,0,ham,0,True,-1461.541240549017,-1210.9282612258137,181,238
bare,5000,5,9-1014msg1.txt,ham,0,ham,0,True,-7888.837354498852,-6741.768331683876,968,1182
bare,5000,5,9-1017msg1.txt,ham,0,ham,0,True,-1737.0547871439642,-1412.5401767193493,220,241
bare,5000,5,9-1017msg2.txt,ham,0,ham,0,True,-1690.142111114819,-1453.284976062423,231,254
bare,5000,5,9-101msg1.txt,ham,0,ham,0,True,-2421.2055743500086,-1998.4519204968683,304,348
bare,5000,5,9-101msg2.txt,ham,0,ham,0,True,-8348.403631400055,-7061.774654749195,1045,1128
bare,5000,5,9-1020msg1.txt,ham,0,ham,0,True,-5413.404004371177,-4406.176642842575,639,769
bare,5000,5,9-1020msg2.txt,ham,0,ham,0,True,-2547.526579106952,-2227.2959297141174,349,369
bare,5000,5,9-1021msg1.txt,ham,0,ham,0,True,-1762.9818779256768,-1438.1139876572647,211,241
bare,5000,5,9-1022msg1.txt,ham,0,ham,0,True,-5293.679566507502,-4461.28077657355,654,754
bare,5000,5,9-1026msg1.txt,ham,0,ham,0,True,-7765.768989493977,-6589.645375596652,1013,1143
bare,5000,5,9-1029msg1.txt,ham,0,ham,0,True,-1059.7860451471013,-889.1102384148552,130,146
bare,5000,5,9-1030msg1.txt,ham,0,ham,0,True,-3791.1241798527544,-3261.1426035814416,496,574
bare,5000,5,9-1033msg1.txt,ham,0,ham,0,True,-3146.472418657844,-2744.1528616282176,411,462
bare,5000,5,9-1033msg2.txt,ham,0,ham,0,True,-5852.6299813955975,-5032.899665610169,741,821
bare,5000,5,9-1034msg1.txt,ham,0,ham,0,True,-1547.9529806030348,-1401.5368146697588,206,233
bare,5000,5,9-1035msg1.txt,ham,0,ham,0,True,-937.4355827358306,-804.7349504340018,115,130
bare,5000,5,9-1036msg1.txt,ham,0,ham,0,True,-2777.54596317076,-2392.146974838687,365,465
bare,5000,5,9-1037msg1.txt,ham,0,ham,0,True,-1049.6944700501838,-857.8030339111267,124,133
bare,5000,5,9-1038msg1.txt,ham,0,ham,0,True,-1542.9546148074774,-1295.8504880319342,191,208
bare,5000,5,9-1039msg1.txt,ham,0,ham,0,True,-1561.0624344719492,-1371.2579412452355,202,229
bare,5000,5,9-103msg1.txt,ham,0,ham,0,True,-8775.770947803214,-7182.740003052063,1031,1426
bare,5000,5,9-1040msg1.txt,ham,0,ham,0,True,-2563.672021409904,-2457.3658079211086,334,391
bare,5000,5,9-1043msg1.txt,ham,0,ham,0,True,-3043.5299302339813,-2394.621006170064,352,418
bare,5000,5,9-1043msg2.txt,ham,0,ham,0,True,-3462.513694063215,-2982.8411986221417,451,510
bare,5000,5,9-1044msg1.txt,ham,0,ham,0,True,-2379.129770489682,-2012.8298427980674,308,340
bare,5000,5,9-1045msg1.txt,ham,0,ham,0,True,-2503.159395762908,-2076.99483855712,300,333
bare,5000,5,9-1045msg2.txt,ham,0,ham,0,True,-2237.314992370726,-1898.205691596084,284,319
bare,5000,5,9-1047msg1.txt,ham,0,ham,0,True,-3116.4260754891257,-2734.2085154293773,398,453
bare,5000,5,9-1055msg1.txt,ham,0,ham,0,True,-1163.9695075937123,-1021.765650142812,147,150
bare,5000,5,9-1058msg1.txt,ham,0,ham,0,True,-1577.7779953050683,-1194.7476889597485,167,234
bare,5000,5,9-1062msg1.txt,ham,0,ham,0,True,-1518.3709515835858,-1225.5653370012974,186,224
bare,5000,5,9-1064msg1.txt,ham,0,ham,0,True,-3565.4054869581037,-3052.220685137696,458,506
bare,5000,5,9-1065msg1.txt,ham,0,ham,0,True,-2670.6376948818647,-2212.6912564256663,320,378
bare,5000,5,9-1066msg1.txt,ham,0,ham,0,True,-3602.7446946793734,-3009.9183737578014,440,546
bare,5000,5,9-1067msg1.txt,ham,0,ham,0,True,-3452.6199669219372,-2825.91803444557,355,1086
bare,5000,5,9-1069msg1.txt,ham,0,ham,0,True,-2664.231976706718,-2279.8814681209446,322,369
bare,5000,5,9-106msg1.txt,ham,0,ham,0,True,-5481.951240162804,-4574.481514193289,693,736
bare,5000,5,9-106msg2.txt,ham,0,ham,0,True,-2254.885563466332,-1873.9833941612471,282,312
bare,5000,5,9-1070msg1.txt,ham,0,ham,0,True,-4149.606211546026,-3383.108590832122,520,588
bare,5000,5,9-1072msg1.txt,ham,0,ham,0,True,-1863.7847000849995,-1587.6842401741026,225,247
bare,5000,5,9-1073msg1.txt,ham,0,ham,0,True,-3738.337958752974,-3041.576268472938,427,496
bare,5000,5,9-1073msg2.txt,ham,0,ham,0,True,-4579.993291726731,-3995.807764844351,604,662
bare,5000,5,9-1074msg1.txt,ham,0,ham,0,True,-7218.290245778322,-6113.680648791007,938,1058
bare,5000,5,9-1077msg1.txt,ham,0,ham,0,True,-2244.746236966832,-1915.3537611892375,296,326
bare,5000,5,9-1077msg2.txt,ham,0,ham,0,True,-6031.995554635061,-5189.72707652385,765,910
bare,5000,5,9-1078msg1.txt,ham,0,ham,0,True,-1970.4782375856046,-1518.320802095822,213,260
bare,5000,5,9-1080msg1.txt,ham,0,ham,0,True,-4161.682567237089,-3447.953384522752,500,573
bare,5000,5,9-1080msg2.txt,ham,0,ham,0,True,-1098.2181067533108,-966.9164115615315,143,154
bare,5000,5,9-1082msg1.txt,ham,0,ham,0,True,-2958.89135671316,-2426.86360169259,369,384
bare,5000,5,9-1082msg2.txt,ham,0,ham,0,True,-1958.013684172986,-1641.9258321301008,237,257
bare,5000,5,9-1085msg1.txt,ham,0,ham,0,True,-7523.56152430524,-6429.533166585985,990,1104
bare,5000,5,9-1086msg1.txt,ham,0,ham,0,True,-1618.0852161053322,-1348.7170673548392,206,268
bare,5000,5,9-1087msg1.txt,ham,0,ham,0,True,-728.5213234890147,-565.3746855868352,85,115
bare,5000,5,9-1088msg1.txt,ham,0,ham,0,True,-660.6257533383235,-519.6470044161953,75,90
bare,5000,5,9-1089msg1.txt,ham,0,ham,0,True,-197.81791807275303,-149.56637567145566,23,27
bare,5000,5,9-108msg1.txt,ham,0,ham,0,True,-1660.6929808299242,-1344.9741228928413,186,258
bare,5000,5,9-1090msg1.txt,ham,0,ham,0,True,-486.8114344771408,-378.8156792877866,59,67
bare,5000,5,9-1091msg1.txt,ham,0,ham,0,True,-1792.6015150748344,-1510.1817924173042,237,278
bare,5000,5,9-1097msg1.txt,ham,0,ham,0,True,-6728.342734859303,-5478.710883014281,780,933
bare,5000,5,9-1098msg1.txt,ham,0,ham,0,True,-1490.2264967300396,-1223.6541053167455,183,236
bare,5000,5,9-1099msg1.txt,ham,0,ham,0,True,-3475.4198193115185,-2985.7408894957157,449,483
bare,5000,5,9-1099msg2.txt,ham,0,ham,0,True,-2667.123536149974,-2276.7686622862584,336,375
bare,5000,5,9-109msg1.txt,ham,0,ham,0,True,-1948.498698585423,-1607.7258218829413,239,312
bare,5000,5,9-1100msg1.txt,ham,0,ham,0,True,-6588.624912344704,-5327.750314174759,706,1095
bare,5000,5,9-1102msg1.txt,ham,0,ham,0,True,-7649.7361119808265,-6675.37764963642,995,1202
bare,5000,5,9-1102msg2.txt,ham,0,ham,0,True,-1284.9259876186504,-1084.5875283422572,158,170
bare,5000,5,9-1104msg1.txt,ham,0,ham,0,True,-1109.3129832891266,-912.6313242440413,141,154
bare,5000,5,9-1105msg1.txt,ham,0,ham,0,True,-650.8596951547127,-579.8347002546689,88,113
bare,5000,5,9-110msg1.txt,ham,0,ham,0,True,-3717.714241609633,-3112.2695907775305,460,658
bare,5000,5,9-1110msg1.txt,ham,0,ham,0,True,-2320.4091216904512,-2074.4592747021607,301,324
bare,5000,5,9-1111msg1.txt,ham,0,ham,0,True,-2142.2278148361256,-1723.3379647541403,262,283
bare,5000,5,9-1112msg1.txt,ham,0,ham,0,True,-967.7913318844384,-821.7372410521638,118,134
bare,5000,5,9-1113msg1.txt,ham,0,ham,0,True,-1699.8452107039386,-1453.875011409982,213,260
bare,5000,5,9-1114msg1.txt,ham,0,ham,0,True,-1663.7643649983513,-1484.6921195390782,220,262
bare,5000,5,9-1115msg1.txt,ham,0,ham,0,True,-367.99174947625033,-307.936567941945,49,55
bare,5000,5,9-1116msg1.txt,ham,0,ham,0,True,-526.1994921959432,-463.8632077244739,67,70
bare,5000,5,9-1116msg2.txt,ham,0,ham,0,True,-7207.698360078274,-6190.763347682969,905,963
bare,5000,5,9-1118msg1.txt,ham,0,ham,0,True,-13330.868161592805,-12174.447505277392,1830,2115
bare,5000,5,9-1119msg1.txt,ham,0,ham,0,True,-5937.22839971049,-4965.865517475053,761,930
bare,5000,5,9-111msg1.txt,ham,0,ham,0,True,-2269.8923547419004,-1892.549266999514,303,350
bare,5000,5,9-1121msg1.txt,ham,0,ham,0,True,-1365.5194075128293,-1171.3645007803134,178,195
bare,5000,5,9-1122msg1.txt,ham,0,ham,0,True,-4147.56186244702,-3319.4955170959124,468,608
bare,5000,5,9-1123msg1.txt,ham,0,ham,0,True,-3404.906883296027,-2975.555787424045,450,541
bare,5000,5,9-1125msg1.txt,ham,0,ham,0,True,-2308.2813667971805,-2066.711537950619,318,332
bare,5000,5,9-1128msg1.txt,ham,0,ham,0,True,-320.9610708671442,-265.45124470277756,37,39
bare,5000,5,9-1128msg2.txt,ham,0,ham,0,True,-7163.206656606525,-6409.812748104587,947,1038
bare,5000,5,9-1133msg1.txt,ham,0,ham,0,True,-1946.765500145504,-1586.8752689549062,217,300
bare,5000,5,9-1134msg1.txt,ham,0,ham,0,True,-1349.3330133307497,-1148.6113512482555,171,198
bare,5000,5,9-1135msg1.txt,ham,0,ham,0,True,-1962.3559468572162,-1683.1165985247392,257,295
bare,5000,5,9-1137msg1.txt,ham,0,ham,0,True,-1683.9357290893015,-1402.4204173935038,218,243
bare,5000,5,9-1138msg1.txt,ham,0,ham,0,True,-1989.1690456113308,-1641.2555640854766,247,263
bare,5000,5,9-1139msg1.txt,ham,0,ham,0,True,-1480.9562891341234,-1265.212989060326,193,222
bare,5000,5,9-1140msg1.txt,ham,0,ham,0,True,-1553.8522086550674,-1281.0390796351992,204,228
bare,5000,5,9-1141msg1.txt,ham,0,ham,0,True,-1718.2895137195433,-1422.698473328782,224,243
bare,5000,5,9-1142msg1.txt,ham,0,ham,0,True,-2039.423949939927,-1662.0534879730315,246,258
bare,5000,5,9-1143msg1.txt,ham,0,ham,0,True,-1864.8553772725813,-1605.593632376507,246,270
bare,5000,5,9-1144msg1.txt,ham,0,ham,0,True,-1838.8338834304022,-1684.7988820184344,253,278
bare,5000,5,9-1145msg1.txt,ham,0,ham,0,True,-1967.0970868218828,-1678.704640114136,241,259
bare,5000,5,9-1146msg1.txt,ham,0,ham,0,True,-2422.916533533099,-2119.6645376376755,318,407
bare,5000,5,9-114msg1.txt,ham,0,ham,0,True,-1820.169867858296,-1570.1914013694657,247,273
bare,5000,5,9-114msg2.txt,ham,0,ham,0,True,-3373.444065218187,-2891.3657495581565,429,465
bare,5000,5,9-1152msg1.txt,ham,0,ham,0,True,-1216.673368473961,-982.3997688499392,140,180
bare,5000,5,9-1153msg1.txt,ham,0,ham,0,True,-4458.691686167526,-3812.2498288659453,573,695
bare,5000,5,9-1153msg2.txt,ham,0,ham,0,True,-2112.263482592168,-1871.354813933345,262,286
bare,5000,5,9-1154msg1.txt,ham,0,ham,0,True,-1551.9747760141743,-1287.4993878397345,190,229
bare,5000,5,9-1155msg1.txt,ham,0,ham,0,True,-4682.685660555169,-3712.8275647806727,563,700
bare,5000,5,9-1156msg1.txt,ham,0,ham,0,True,-3985.3069864047166,-3359.9245972498156,480,664
bare,5000,5,9-1157msg1.txt,ham,0,ham,0,True,-1661.0200381054435,-1392.7418688148414,198,301
bare,5000,5,9-1158msg1.txt,ham,0,ham,0,True,-679.3845015187816,-590.4914079513707,85,113
bare,5000,5,9-1160msg1.txt,ham,0,ham,0,True,-1430.665671909939,-1300.6871620455106,187,212
bare,5000,5,9-1161msg1.txt,ham,0,ham,0,True,-3285.3565250563,-2830.1555742005007,437,463
bare,5000,5,9-1162msg1.txt,ham,0,ham,0,True,-800.2130423433621,-686.5846582866424,96,156
bare,5000,5,9-1163msg1.txt,ham,0,ham,0,True,-5012.145076645276,-4025.2533158662877,602,688
bare,5000,5,9-1163msg2.txt,ham,0,ham,0,True,-3580.850474881643,-2974.3913164821042,447,512
bare,5000,5,9-1164msg1.txt,ham,0,ham,0,True,-546.7843466016327,-439.9703912997403,71,82
bare,5000,5,9-1165msg1.txt,ham,0,ham,0,True,-3095.1179288570543,-2597.0213097782753,372,450
bare,5000,5,9-1172msg1.txt,ham,0,ham,0,True,-8610.543565628996,-7321.299334568744,1069,1230
bare,5000,5,9-1172msg2.txt,ham,0,ham,0,True,-1100.5923739354566,-943.3059541091925,135,141
bare,5000,5,9-1177msg1.txt,ham,0,ham,0,True,-5276.815547822351,-4279.801948927991,598,933
bare,5000,5,9-1184msg1.txt,ham,0,ham,0,True,-949.5027623827434,-809.0108627244722,118,136
bare,5000,5,9-1188msg1.txt,ham,0,ham,0,True,-3232.355293590977,-2796.2318655064873,396,459
bare,5000,5,9-118msg1.txt,ham,0,ham,0,True,-3165.8387406622264,-2726.7693285443574,415,466
bare,5000,5,9-118msg2.txt,ham,0,ham,0,True,-3469.2487998682,-2931.0794528292654,457,494
bare,5000,5,9-1190msg1.txt,ham,0,ham,0,True,-4804.361311596736,-4034.8894461111286,566,758
bare,5000,5,9-1191msg1.txt,ham,0,ham,0,True,-3279.0179337671934,-2766.8431615801674,386,474
bare,5000,5,9-1192msg1.txt,ham,0,ham,0,True,-1435.47123149424,-1213.6413740024468,182,210
bare,5000,5,9-1193msg1.txt,ham,0,ham,0,True,-4850.044014729543,-4209.854699930543,582,771
bare,5000,5,9-1195msg1.txt,ham,0,ham,0,True,-1551.0261217183256,-1302.9882658263818,199,214
bare,5000,5,9-1195msg2.txt,ham,0,ham,0,True,-4953.292786398514,-4264.348635578251,604,661
bare,5000,5,9-1199msg1.txt,ham,0,ham,0,True,-1555.9943334440272,-1304.4954491891237,203,234
bare,5000,5,9-1199msg2.txt,ham,0,ham,0,True,-2329.2033384253173,-1972.6555596937708,286,331
bare,5000,5,9-119msg1.txt,ham,0,ham,0,True,-2583.4224809435073,-2410.533679385404,364,387
bare,5000,5,9-1200msg1.txt,ham,0,ham,0,True,-6035.06776720165,-4807.361320878792,710,906
bare,5000,5,9-1206msg1.txt,ham,0,ham,0,True,-1487.8141217571113,-1262.4010602995756,186,233
bare,5000,5,9-1207msg1.txt,ham,0,ham,0,True,-2193.6494034027955,-1899.618114440709,284,304
bare,5000,5,9-1208msg1.txt,ham,0,ham,0,True,-2990.6599923165545,-2550.936782471797,383,459
bare,5000,5,9-1208msg2.txt,ham,0,ham,0,True,-12340.317361816165,-10646.556365470646,1565,1723
bare,5000,5,9-120msg1.txt,ham,0,ham,0,True,-6147.953238513523,-5381.472020990124,824,935
bare,5000,5,9-1215msg1.txt,ham,0,ham,0,True,-2718.523621433276,-2384.963448474769,345,384
bare,5000,5,9-1216msg1.txt,ham,0,ham,0,True,-2284.5315568274186,-2002.6008947190276,289,341
bare,5000,5,9-1217msg1.txt,ham,0,ham,0,True,-3430.3297989807256,-2949.7632646906413,454,506
bare,5000,5,9-1218msg1.txt,ham,0,ham,0,True,-878.2629472705088,-721.2876779310265,106,115
bare,5000,5,9-1219msg1.txt,ham,0,ham,0,True,-1232.1507642972717,-1011.9648436469975,150,169
bare,5000,5,9-1220msg1.txt,ham,0,ham,0,True,-4503.334692872919,-3813.4205933746666,581,670
bare,5000,5,9-1221msg1.txt,ham,0,ham,0,True,-858.7485409963195,-717.3303410307836,111,117
bare,5000,5,9-1222msg1.txt,ham,0,ham,0,True,-1044.2146679198552,-884.250705738224,132,140
bare,5000,5,9-1225msg1.txt,ham,0,ham,0,True,-5029.089447601831,-4389.5441964199035,661,765
bare,5000,5,9-1226msg1.txt,ham,0,ham,0,True,-2949.0835727511376,-2427.3386753362834,369,385
bare,5000,5,9-1226msg2.txt,ham,0,ham,0,True,-2802.6071875649886,-2282.5793753809257,324,398
bare,5000,5,9-1228msg1.txt,ham,0,ham,0,True,-1821.1536842484975,-1582.442036596696,226,286
bare,5000,5,9-1230msg1.txt,ham,0,ham,0,True,-2678.8471656309334,-2229.3397465724906,334,399
bare,5000,5,9-1231msg1.txt,ham,0,ham,0,True,-1471.2299879593154,-1255.11617041818,183,197
bare,5000,5,9-1232msg1.txt,ham,0,ham,0,True,-1011.7421037100631,-913.2769809702994,136,140
bare,5000,5,9-1236msg1.txt,ham,0,ham,0,True,-8148.010848016241,-6642.089120121724,976,1189
bare,5000,5,9-1238msg1.txt,ham,0,ham,0,True,-2688.2368100988174,-2183.083747086179,328,356
bare,5000,5,9-1239msg1.txt,ham,0,ham,0,True,-1914.0791503774524,-1551.482062662828,226,268
bare,5000,5,9-1240msg1.txt,ham,0,ham,0,True,-1168.9978304897593,-990.3020679137114,144,155
bare,5000,5,9-1243msg1.txt,ham,0,ham,0,True,-4545.416862004307,-4159.495458821801,609,726
bare,5000,5,9-1243msg2.txt,ham,0,ham,0,True,-1683.8561703671598,-1454.5018894737989,232,281
bare,5000,5,9-1244msg1.txt,ham,0,ham,0,True,-6315.851868677581,-5365.318986141035,792,1011
bare,5000,5,9-1244msg2.txt,ham,0,ham,0,True,-2665.992457889672,-2281.20600632189,336,376
bare,5000,5,9-1246msg1.txt,ham,0,ham,0,True,-4741.701187964859,-3807.7241513380714,552,693
bare,5000,5,9-1249msg1.txt,ham,0,ham,0,True,-514.8747208968285,-414.24285208483485,64,73
bare,5000,5,9-124msg1.txt,ham,0,ham,0,True,-2151.1480592842395,-1788.4153447371818,252,286
bare,5000,5,9-1251msg1.txt,ham,0,ham,0,True,-3896.28189934149,-3212.408148208015,502,544
bare,5000,5,9-1251msg2.txt,ham,0,ham,0,True,-4716.185310020606,-3603.833053159472,455,770
bare,5000,5,9-1252msg1.txt,ham,0,ham,0,True,-1317.339688265443,-1074.0069506237508,163,189
bare,5000,5,9-1253msg1.txt,ham,0,ham,0,True,-1687.3613982162306,-1446.9543406994335,220,262
bare,5000,5,9-1254msg1.txt,ham,0,ham,0,True,-2294.6363882378314,-1927.387145636088,276,367
bare,5000,5,9-1258msg1.txt,ham,0,ham,0,True,-940.1955320573497,-767.6381870169988,123,154
bare,5000,5,9-1258msg2.txt,ham,0,ham,0,True,-1765.8243956571175,-1438.6967614790738,213,237
bare,5000,5,9-1259msg1.txt,ham,0,ham,0,True,-1370.9708990611007,-1143.656083748808,172,185
bare,5000,5,9-125msg1.txt,ham,0,ham,0,True,-2814.9841643505933,-2383.2154863219985,363,429
bare,5000,5,9-1260msg1.txt,ham,0,ham,0,True,-1788.9137921314332,-1507.1220561260827,237,254
bare,5000,5,9-1261msg1.txt,ham,0,ham,0,True,-1889.4649301522015,-1577.2058680621092,234,253
bare,5000,5,spmsgb122.txt,spam,1,spam,1,True,-597.1875928691525,-647.9364596587317,99,109
bare,5000,5,spmsgb123.txt,spam,1,spam,1,True,-589.9477197650784,-668.4911808552338,89,105
bare,5000,5,spmsgb124.txt,spam,1,spam,1,True,-5182.680525753868,-5766.375867562771,846,937
bare,5000,5,spmsgb125.txt,spam,1,spam,1,True,-1058.365719071294,-1216.0781873307692,163,193
bare,5000,5,spmsgb126.txt,spam,1,spam,1,True,-315.62164036660226,-349.1773236676482,52,61
bare,5000,5,spmsgb127.txt,spam,1,spam,1,True,-13374.594863388113,-15420.659563652422,2223,2295
bare,5000,5,spmsgb128.txt,spam,1,spam,1,True,-276.89027398441795,-302.4807019367615,42,61
bare,5000,5,spmsgb129.txt,spam,1,spam,1,True,-500.1924913163208,-523.0761535212167,72,88
bare,5000,5,spmsgb13.txt,spam,1,spam,1,True,-14250.648692758075,-16347.148098469796,2382,2464
bare,5000,5,spmsgb130.txt,spam,1,spam,1,True,-399.2312544262832,-452.3056747069027,60,77
bare,5000,5,spmsgb131.txt,spam,1,spam,1,True,-4357.308448142416,-4850.835410968645,678,792
bare,5000,5,spmsgb132.txt,spam,1,spam,1,True,-4960.517609489498,-5168.154174420432,742,879
bare,5000,5,spmsgb133.txt,spam,1,spam,1,True,-1952.0593404846738,-2184.523247934459,321,352
bare,5000,5,spmsgb134.txt,spam,1,spam,1,True,-831.1131543372244,-927.1521956284269,126,176
bare,5000,5,spmsgb135.txt,spam,1,spam,1,True,-472.26902993839167,-487.94995989380175,72,79
bare,5000,5,spmsgb136.txt,spam,1,spam,1,True,-246.8662579504985,-284.7585567907282,41,49
bare,5000,5,spmsgb137.txt,spam,1,spam,1,True,-533.2284425674699,-602.8108222973987,81,95
bare,5000,5,spmsgb138.txt,spam,1,spam,1,True,-7292.97941678819,-8042.6868578526255,1175,1254
bare,5000,5,spmsgb139.txt,spam,1,spam,1,True,-4377.680758803044,-5005.8081165200065,730,766
bare,5000,5,spmsgb14.txt,spam,1,spam,1,True,-4314.123804111123,-4957.210227750438,698,766
bare,5000,5,spmsgb140.txt,spam,1,spam,1,True,-2315.8443316361445,-2497.0535302218755,358,425
bare,5000,5,spmsgb141.txt,spam,1,spam,1,True,-4415.363063217757,-4865.267867071192,686,771
bare,5000,5,spmsgb142.txt,spam,1,spam,1,True,-699.6183125659078,-758.7976769346088,114,143
bare,5000,5,spmsgb143.txt,spam,1,ham,0,False,-628.9494915178303,-627.2376014877742,92,111
bare,5000,5,spmsgb144.txt,spam,1,spam,1,True,-403.9335669198516,-470.50686004288264,68,79
bare,5000,5,spmsgb145.txt,spam,1,spam,1,True,-4623.648223135514,-5271.818309347792,757,880
bare,5000,5,spmsgb146.txt,spam,1,spam,1,True,-1459.74297459158,-1670.621940762849,242,256
bare,5000,5,spmsgb147.txt,spam,1,spam,1,True,-511.00381830018944,-555.9394108047429,81,109
bare,5000,5,spmsgb148.txt,spam,1,spam,1,True,-1947.8462086592606,-2089.1063895480543,297,356
bare,5000,5,spmsgb149.txt,spam,1,spam,1,True,-513.1070302848576,-618.9517990382828,80,97
bare,5000,5,spmsgb15.txt,spam,1,spam,1,True,-243.22897463227557,-299.5351048355483,33,35
bare,5000,5,spmsgb150.txt,spam,1,spam,1,True,-2421.625780546459,-2570.978445770042,359,417
bare,5000,5,spmsgb151.txt,spam,1,spam,1,True,-835.634547472935,-979.0302978527727,131,136
bare,5000,5,spmsgb152.txt,spam,1,spam,1,True,-1835.0227240030235,-1975.2973242458277,282,342
bare,5000,5,spmsgb153.txt,spam,1,spam,1,True,-112.52478241785607,-125.76243695980033,18,18
bare,5000,5,spmsgb154.txt,spam,1,spam,1,True,-83.71327901197704,-100.13608878338256,13,14
bare,5000,5,spmsgb155.txt,spam,1,spam,1,True,-3257.0748491528348,-3670.050530552327,516,589
bare,5000,5,spmsgb156.txt,spam,1,spam,1,True,-579.2267748917131,-614.9691314488838,85,99
bare,5000,5,spmsgb157.txt,spam,1,spam,1,True,-1769.8402894156857,-1911.5324707070106,271,324
bare,5000,5,spmsgb158.txt,spam,1,spam,1,True,-46.689007576687736,-53.045033216757695,7,9
bare,5000,5,spmsgb159.txt,spam,1,spam,1,True,-858.7430899816543,-978.5293687137982,135,147
bare,5000,5,spmsgb16.txt,spam,1,spam,1,True,-153.78901207776562,-160.67112058437803,20,27
bare,5000,5,spmsgb160.txt,spam,1,spam,1,True,-438.5209008029517,-448.531511572552,64,69
bare,5000,5,spmsgb161.txt,spam,1,spam,1,True,-409.3603764889251,-420.97072624932883,61,67
bare,5000,5,spmsgb162.txt,spam,1,spam,1,True,-1849.179924886432,-2002.4004930789974,307,376
bare,5000,5,spmsgb163.txt,spam,1,spam,1,True,-3435.49338236617,-3744.790943843119,554,620
bare,5000,5,spmsgb164.txt,spam,1,spam,1,True,-467.4690527526334,-473.64975832750974,68,73
bare,5000,5,spmsgb165.txt,spam,1,spam,1,True,-4845.490455052417,-5452.874458351626,765,905
